{
  "model": "xgboost_select_from_model",
  "random_state": 42,
  "test_size": 0.2,
  "n_samples": 594194,
  "scale_pos_weight": 3.440347638939746,
  "holdout_metrics": {
    "accuracy": 0.8167604910845766,
    "precision": 0.5592097452093178,
    "recall": 0.8799461943728282,
    "f1": 0.6838376212323596,
    "roc_auc": 0.9157257232436538
  },
  "xgb_params": {
    "subsample": 0.8,
    "reg_lambda": 1.5,
    "reg_alpha": 0.1,
    "n_estimators": 500,
    "max_depth": 5,
    "learning_rate": 0.05,
    "gamma": 0.2,
    "colsample_bytree": 0.8
  }
}